#plot,ctr
#x,y,sp,age,mysize,tag,sprout
3.274086193,1.380907264,1,0,28.26591789,1,0
4.322592118,0.772253938,1,0,13.30535324,2,0
7.757355185,0.351795994,2,0,2.355493158,3,1
9.627327531,3.056552398,2,0,1.718873385,4,2
9.585109657,3.238448931,1,0,10.59971921,5,0
3.498593412,5.538078425,1,0,19.03493119,7,0
3.826887738,6.304417469,2,0,4.169859509,8,3
3.553023623,6.203156162,2,0,2.737465021,9,3
1.072319845,3.79193024,1,0,12.60507149,10,0
1.385664461,4.563821747,1,0,9.071831756,11,0
2.326204791,8.477774239,1,0,27.91577702,12,0
3.426798985,9.240296955,1,0,15.69267739,13,0
11.9113831,2.700695051,1,0,19.60788899,14,0
14.00234001,2.013206265,1,0,28.48873481,15,0
14.58243302,2.344051507,1,0,17.44338176,16,0
14.68709705,6.283593104,1,0,34.31380573,18,0
10.45464983,8.512082991,1,0,22.95014279,19,0
15.93481913,9.304270772,2,0,22.95014279,20,4
12.15980333,10.70112985,2,0,8.307888029,50,5
14.66972592,12.66594103,1,0,18.87577625,51,0
15.46389952,13.74111102,1,0,23.30028367,52,0
11.27459269,13.83818443,1,0,24.25521333,53,0
10.26009449,14.80617946,1,0,25.08281903,54,0
11.32720069,14.99589077,1,0,14.38760686,55,0
16.04112701,18.03279804,1,0,23.23662169,57,0
16.76393552,18.10400307,2,0,4.806479281,58,6
17.15797834,18.36850519,2,0,2.260000192,59,6
16.70193839,18.00222807,2,0,11.96845172,60,6
16.75687558,18.50124819,2,0,4.360845441,61,6
16.82220318,18.57134064,2,0,4.583662361,62,6
16.62953596,19.83468015,1,0,16.04281826,63,0
13.98417103,19.71925206,1,0,13.24169127,64,0
12.43323761,18.22938045,2,0,6.429859701,65,7
11.13052151,20.59945239,1,0,25.30563595,66,0
3.659156888,11.25994876,1,0,13.52817016,67,0
0.173054468,11.40941554,2,0,0.56,68,8
0.169432777,11.51052724,2,0,0.76,69,8
0.169432777,11.51052724,2,0,0.86,70,8
5.023901706,12.1636339,1,0,27.31098823,71,0
8.033570294,12.34918035,2,0,5.98422586,72,9
9.768476375,10.64882148,2,0,6.875493542,73,10
9.823547601,10.72139624,2,0,3.724225668,74,10
9.752137296,10.3916863,2,0,0.29,75,10
5.20454851,12.7789701,1,0,12.8597194,77,0
3.715008555,14.24362009,1,0,23.14112873,78,0
1.876620648,16.58792797,2,0,14.92873366,79,11
2.453480415,16.92841496,1,0,9.485634608,80,0
5.687936563,19.39189958,1,0,21.16760743,81,0
8.588312804,18.38098343,1,0,13.08253632,82,0
1.601405654,23.05207851,1,0,22.31352302,83,0
0.384002914,24.08419912,1,0,21.64507226,85,0
2.061185277,23.70777299,2,0,3.21492985,86,12
1.861904153,23.86750491,2,0,1.82,87,12
6.588183478,23.63698908,1,0,25.52845287,88,0
9.453717384,20.52573616,2,0,3.342253805,89,13
9.396010703,23.09637074,1,0,18.30281846,90,0
9.073030784,25.4841581,1,0,29.06169261,91,0
5.714776701,25.54699413,1,0,17.18873385,92,0
8.171439206,27.28904714,1,0,8.912676813,93,0
2.896551739,29.27845804,1,0,17.28422682,94,0
4.233246224,28.7531837,1,0,17.18873385,95,0
4.065420436,29.18706372,1,0,23.65042454,96,0
9.026821127,29.76995026,2,0,2.832957987,97,14
14.6681931,21.50858827,1,0,27.1200023,98,0
19.91240985,23.70939343,1,0,17.60253671,99,0
19.20041931,24.53719078,1,0,33.48620003,100,0
18.63352419,24.9144656,1,0,9.549296586,101,0
13.28027351,26.25297375,2,0,14.13295895,102,15
10.14612495,26.65318846,1,0,13.94197301,103,0
13.19007931,26.49414861,2,0,2.228169203,104,15
19.17327653,27.81461727,1,0,19.41690306,105,0
12.0438557,32.41003192,1,0,21.04028348,106,0
16.15115611,31.16227301,1,0,22.34535401,107,0
17.92018926,31.12720986,2,0,0.84,108,16
19.53532289,33.56511114,1,0,19.8625369,109,0
16.14147797,33.92763902,1,0,17.02957891,110,0
12.69883956,35.81415213,1,0,22.21803006,111,0
17.36040106,38.3487362,2,0,4.774648293,112,17
14.28260677,38.70340619,1,0,12.5732405,113,0
-0.097501512,31.98105104,1,0,19.09859317,114,0
4.492425171,29.836539,1,0,8.97633879,115,0
8.573776002,33.91851823,2,0,1.92,116,18
8.507447917,34.59360297,1,0,15.21521256,117,0
6.714235368,32.67980424,1,0,29.18901656,118,0
0.586892481,34.6522475,1,0,16.774931,119,0
2.671769976,36.37033317,2,0,10.59971921,120,19
2.907135255,36.66064334,2,0,7.989578143,121,19
3.282580588,36.78813498,1,0,18.11183252,122,0
3.371224653,35.80305414,2,0,1.878028328,123,19
3.421525919,35.79970506,2,0,3.023943919,124,19
4.98342774,37.21790155,2,0,1.273239545,125,20
5.604086882,37.34503559,2,0,4.042535555,126,20
8.069155688,36.91550723,1,0,18.58929735,127,0
1.349875149,42.68060882,1,0,24.09605838,128,0
4.6753862,40.96560933,1,0,8.75352187,129,0
7.907537245,41.07404622,1,0,16.71126902,130,0
7.959370005,43.03119063,1,0,18.33464944,131,0
9.532843537,44.08225354,1,0,18.36648043,132,0
9.683284823,43.95640683,1,0,16.39295914,133,0
5.900306326,45.30026509,1,0,25.33746694,134,0
7.805854709,46.66618812,1,0,18.71662131,135,0
10.05707215,46.34990039,1,0,16.07464925,136,0
6.208021887,48.63816788,1,0,23.07746675,137,0
13.70887618,41.14929314,1,0,24.03239641,138,0
18.60910823,40.86199132,1,0,8.116902098,139,0
18.90262923,43.76136958,1,0,14.92873366,140,0
18.1457306,43.50333192,3,0,0.98,141,0
15.88260708,42.96813533,1,0,19.41690306,142,0
13.08933263,42.48341395,1,0,17.8890156,143,0
12.36304395,44.589874,1,0,26.13324166,144,0
16.82794799,44.84502362,1,0,13.71915609,145,0
15.11500565,46.22272533,1,0,14.96056465,146,0
12.66017195,48.01464918,1,0,11.87295875,147,0
14.1137735,49.52125425,1,0,21.83605819,148,0
16.12435543,49.54284193,1,0,21.19943842,149,0
19.16840459,47.76345848,3,0,7.989578143,150,0
20.91171249,43.7459218,1,0,13.71915609,151,0
21.0184423,43.79395851,1,0,10.28140932,152,0
20.62660794,44.55147463,3,0,1.13,153,0
23.27794539,42.60731315,1,0,11.23633898,154,0
27.4513272,40.60717951,1,0,11.42732491,155,0
27.02693625,43.4443275,1,0,23.39577663,156,0
23.69876583,44.74832053,1,0,23.84141048,157,0
21.85134654,47.13360685,1,0,23.26845268,158,0
23.89520353,48.75102052,1,0,18.04817055,159,0
24.4896987,47.64022117,1,0,14.35577587,160,0
25.98076994,46.28469488,1,0,16.29746617,161,0
27.52820659,46.0872931,1,0,15.78817035,162,0
28.85129028,45.35825214,1,0,20.53098766,163,0
29.46541219,45.26291895,1,0,12.73239545,164,0
27.21108348,47.3806534,1,0,21.58141028,165,0
26.00865858,49.09252955,1,0,20.59464964,166,0
26.2423312,49.99711584,1,0,12.89155039,167,0
28.32858535,49.77817841,1,0,16.67943804,168,0
36.64728811,41.99428201,1,0,22.85464983,169,0
38.20445189,42.25988256,1,0,11.93662073,170,0
38.84856628,42.12435281,1,0,28.32957987,171,0
39.91147855,40.606212,1,0,15.11971959,172,0
39.42068245,46.00163663,2,0,2.514648101,173,21
39.87275949,45.95562928,2,0,3.978873577,174,21
39.6571899,46.05794381,2,0,9.230986699,175,21
39.41650565,46.04528919,2,0,0.66,176,21
31.57032102,49.18675633,2,0,10.21774735,193,22
31.74712285,49.24638642,2,0,2.76929601,194,22
31.86148837,49.31583926,2,0,0.85,195,22
32.73457502,48.88887504,1,0,15.59718442,196,0
33.94052762,47.83486708,2,0,2.132676237,197,23
35.08632801,47.40065317,1,0,19.22591713,198,0
35.21219557,48.02607734,1,0,22.18619907,199,0
34.83402169,48.30568085,1,0,10.40873328,200,0
35.49379779,48.33178168,1,0,15.9473253,201,0
36.09298382,48.96555343,2,0,8.880845825,202,24
38.65494092,49.51165588,1,0,19.03493119,203,0
38.55516344,31.41492117,1,0,28.8070447,204,0
38.40733197,36.98973934,1,0,10.15408537,205,0
36.28769853,37.83497177,1,0,27.31098823,206,0
35.66662463,38.32146931,1,0,11.7456348,207,0
32.27705441,39.67592717,1,0,22.28169203,208,0
31.05942897,38.44693521,1,0,24.03239641,209,0
25.65071661,30.32240557,1,0,21.8042272,210,0
25.16166329,32.10455208,1,0,26.99267835,211,0
23.72954851,33.32264737,1,0,25.78310078,212,0
27.86850795,32.66335624,1,0,21.61324127,213,0
28.36170324,35.81955939,1,0,28.17042493,214,0
25.98830738,37.11730642,1,0,9.485634608,215,0
28.60503379,38.02250935,1,0,28.45690382,216,0
25.69714677,39.75189904,2,0,14.70591674,217,25
25.84782801,39.61481465,2,0,3.565070725,218,25
21.583453,39.24884319,1,0,15.69267739,219,0
21.82011213,39.95716982,2,0,29.82563634,220,26
20.0,31.87,1,0,1.687042397,221,0
21.84834042,21.05855454,1,0,20.37183272,222,0
23.31563834,22.86198225,1,0,25.78310078,223,0
0.0,0.0,1,0,13.62366313,224,0
27.12287007,22.59251269,1,0,24.66901618,225,0
22.56361395,29.63476951,2,0,11.96845172,226,27
22.52348569,29.41777681,2,0,4.169859509,227,27
22.74691845,30.04104273,2,0,7.130141451,228,27
22.38468593,30.00986379,2,0,0.46,229,27
23.91016579,13.03216651,2,0,1.84619734,230,28
28.71656669,11.46410725,2,0,2.705634033,231,29
28.9946422,11.46440326,2,0,2.260000192,232,29
29.12702846,11.45907783,2,0,2.355493158,233,29
28.87883788,11.66221625,2,0,1.06,234,29
29.84580491,12.6611632,1,0,12.5732405,235,0
20.16262745,17.41511077,2,0,5.793239929,236,30
20.3590666,17.44510838,2,0,4.201690498,237,30
20.05654453,17.30059215,2,0,1.91,238,30
20.07653891,17.42113556,2,0,2.705634033,239,30
20.25568094,17.68407097,2,0,0.89,240,30
30.57208927,10.47759735,1,0,16.20197321,241,0
33.98359458,11.57837442,1,0,13.01887434,242,0
33.52962457,13.22601019,1,0,23.7777485,243,0
31.92634466,14.49373892,1,0,20.08535382,244,0
33.77532697,13.8896074,1,0,18.33464944,245,0
36.71735068,14.38800791,1,0,28.17042493,246,0
36.74044545,13.20315534,2,0,4.424507418,247,31
36.94094105,13.13473417,2,0,3.596901714,248,31
36.69155563,13.45001389,2,0,3.724225668,249,31
37.12422529,13.64136236,2,0,2.673803044,250,31
37.31637428,13.58727654,2,0,4.933803236,251,31
37.13042308,13.6335146,2,0,5.76140894,252,31
38.67440598,14.44661675,1,0,17.8890156,253,0
36.59533789,19.5088525,1,0,30.04845326,254,0
38.224494,19.76997843,1,0,22.0907061,255,0
30.83068679,19.07379167,2,0,9.358310654,256,32
31.18478528,19.12842207,2,0,15.62901541,257,32
31.25265238,18.90136561,2,0,3.978873577,258,32
31.23488817,18.98194381,2,0,2.514648101,259,32
31.65791449,2.799304944,2,0,0.36,261,33
31.90895562,3.610078182,2,0,6.620845633,262,33
34.36646102,3.357158848,1,0,24.66901618,263,0
34.98567263,3.960213493,1,0,12.50957853,264,0
34.03811986,5.032748732,1,0,24.82817112,265,0
34.33780893,5.901257226,1,0,22.75915686,266,0
37.01102937,3.648114092,1,0,15.59718442,267,0
38.79142605,2.101933844,1,0,7.957747155,268,0
39.52922439,5.283436598,1,0,9.867606472,269,0
39.92582727,5.750647296,1,0,16.58394507,270,0
31.81286086,7.605912973,1,0,9.135493733,271,0
32.57454954,8.69069274,1,0,12.92338138,272,0
30.12786718,9.257710604,1,0,26.76986143,273,0
23.21297625,3.285669533,1,0,26.0059177,274,0
25.39906682,3.098170506,1,0,30.39859413,275,0
29.14590774,1.93903969,1,0,21.58141028,276,0
20.68568407,6.070458013,1,0,11.10901503,277,0
21.37464733,5.768423695,1,0,18.78028328,278,0
26.89128058,6.90123004,1,0,21.96338215,279,0
28.99315637,9.461675537,1,0,22.88648082,280,0
22.74820683,8.581644416,1,0,28.32957987,281,0
40.72006466,1.600809153,1,0,16.07464925,282,0
42.73040866,1.340250087,2,0,3.883380611,283,34
44.22026646,2.09614328,2,0,2.260000192,284,35
44.43117316,3.124165183,1,0,23.2047907,285,0
42.25376876,6.671197455,1,0,10.94986008,286,0
43.03593033,5.790578779,1,0,14.8332407,287,0
45.18372252,5.445988491,2,0,3.278591828,288,36
45.11670472,5.311403959,2,0,3.246760839,289,36
46.59861355,5.08154504,1,0,22.21803006,290,0
48.81306696,9.089258124,1,0,10.69521218,291,0
52.83912658,6.269888912,1,0,25.178312,292,0
55.30230766,6.719469491,1,0,23.58676257,293,0
54.60962413,8.670420048,1,0,29.9211293,294,0
57.08162848,9.015079499,1,0,21.58141028,295,0
58.40833684,5.851502124,1,0,10.12225438,296,0
59.61928608,5.362197298,1,0,35.93718615,297,0
58.57815898,11.12314988,1,0,17.41155077,298,0
57.93043712,12.96822857,1,0,16.2338042,299,0
54.96028895,11.23567387,2,0,1.32,300,37
53.73479672,9.53160815,2,0,6.68450761,301,38
53.81732526,9.587188991,2,0,7.957747155,302,38
51.42521329,9.780967129,2,0,6.46169069,303,39
51.42490599,10.03053348,2,0,4.488169395,304,39
51.40810554,10.15092646,2,0,0.89,305,39
51.50403557,10.22651094,2,0,1.82,306,39
53.26280314,14.24589029,1,0,22.05887511,307,0
54.936054,15.58243835,1,0,17.57070572,308,0
55.10126121,19.88883207,1,0,30.30310116,310,0
49.05223596,10.28012025,2,0,4.679155327,311,40
48.00592514,11.57042301,1,0,25.94225572,312,0
47.29626005,9.565030363,2,0,0.87,313,41
43.36664281,9.727029222,1,0,15.97915629,314,0
42.46137078,14.63790294,1,0,27.53380515,315,0
0.0,0.0,1,0,17.72986066,316,0
44.92399052,13.90889679,1,0,27.1200023,317,0
46.48866268,13.98436505,1,0,24.76450915,318,0
47.84499588,17.12667878,2,0,1.34,319,42
47.90814801,17.25279863,2,0,5.029296202,320,42
47.83184385,17.41357857,2,0,7.161972439,321,42
47.80115365,17.56242997,2,0,2.291831181,322,42
48.96116057,19.16998549,1,0,26.32422759,323,0
46.85313667,18.43233146,1,0,27.08817131,324,0
44.28159432,19.39615976,2,0,2.864788976,325,43
41.98332881,21.73480812,1,0,12.35042358,326,0
43.93244754,20.28046017,2,0,4.61549335,327,43
45.71223406,21.09938367,1,0,17.18873385,328,0
45.00235043,23.27001643,1,0,17.44338176,329,0
46.79116826,24.72944648,1,0,16.39295914,330,0
44.91911042,26.49485715,1,0,23.33211466,331,0
44.18597937,27.81577581,1,0,12.19126864,333,0
42.07746644,24.93668822,2,0,7.034648485,334,44
41.48649521,24.85692706,2,0,3.278591828,335,44
41.99849163,25.02611145,2,0,0.73,336,44
41.97047422,25.00003002,2,0,1.65,337,44
41.80943908,24.94226602,2,0,0.77,338,44
41.88773344,24.88706458,2,0,1.71,339,44
41.55420395,24.839164,2,0,1.33,340,44
41.38976844,24.88230285,2,0,1.2,341,44
41.48978742,25.90736237,2,0,0.84,342,45
41.33442637,25.81367879,2,0,2.100845249,343,44
41.59433748,26.19418979,2,0,1.09,344,45
41.75545811,26.1399667,1,0,12.73239545,346,0
46.98069088,28.88117053,1,0,26.73803044,347,0
48.13468204,27.76444651,1,0,10.9180291,348,0
50.94781528,23.67571105,1,0,22.24986104,349,0
50.24990056,24.25971371,2,0,5.347606088,350,46
51.22113068,27.36634601,1,0,10.47239526,352,0
50.92945859,29.79529369,1,0,6.620845633,353,0
52.89791029,29.22225145,1,0,27.37465021,354,0
58.06893086,28.29827524,1,0,21.51774831,355,0
54.34095821,23.45429386,2,0,1.15,356,47
55.52468266,30.14690272,1,0,20.34000173,357,0
57.65267701,31.04328641,1,0,15.05605762,358,0
58.18935796,32.88338757,1,0,22.85464983,359,0
58.90482336,35.66175559,1,0,26.70619945,360,0
55.24274298,36.06023056,1,0,25.62394584,361,0
54.12637942,35.87845966,1,0,10.12225438,362,0
49.09484622,31.69434569,1,0,14.41943784,363,0
48.30982514,31.48790284,1,0,15.50169146,364,0
47.65908721,32.86898487,1,0,30.04845326,365,0
46.99462976,33.56187469,1,0,8.721690881,366,0
46.16801231,31.56533686,2,0,4.551831372,367,48
46.07217627,31.48121188,2,0,7.161972439,368,48
45.8706027,31.3603271,2,0,2.355493158,369,48
43.72842713,33.60514669,1,0,16.61577606,370,0
41.1644353,32.32564816,1,0,7.766761223,371,0
42.83335453,35.45691701,1,0,21.89972017,372,0
41.3718795,38.890051,1,0,15.75633937,373,0
42.97025744,41.07107673,1,0,25.52845287,374,0
41.42147761,42.17811395,2,0,9.45380362,376,49
43.89162982,45.45955758,2,0,2.47,377,50
43.99575369,45.33807417,2,0,1.87,378,50
43.99146281,45.76436255,2,0,3.947042589,379,50
45.32810974,45.80719108,1,0,29.0935236,380,0
40.21012251,48.31303571,2,0,5.156620156,381,51
40.10706909,48.14308422,2,0,0.92,382,51
41.21848424,49.05824836,1,0,18.93943823,383,0
51.82066451,43.40010826,2,0,7.384789359,384,52
52.08192628,43.63370528,2,0,5.252113122,385,52
54.81910557,42.76340323,1,0,25.81493177,386,0
56.70512746,42.45833474,2,0,4.551831372,387,53
56.641903,40.5170266,1,0,19.76704393,388,0
57.68435541,43.11920134,1,0,21.74056523,389,0
59.24344693,42.67898727,1,0,15.05605762,390,0
56.66615475,44.38516467,2,0,2.01,392,54
56.64079023,44.11067833,2,0,3.69239468,393,54
56.6127641,43.9886247,2,0,2.09,394,54
56.50970959,44.3043637,2,0,1.19,395,54
56.71268481,44.48547746,2,0,0.7,397,54
55.38592072,45.65191164,1,0,14.99239564,398,0
53.72220849,47.11253852,1,0,24.44619926,399,0
50.58367272,49.73697816,2,0,4.424507418,400,55
66.53471108,0.374789734,2,0,4.424507418,402,56
66.99738226,3.127279528,1,0,27.75662208,406,0
65.23797052,5.401361588,1,0,26.92901637,407,0
61.73398257,6.440090477,1,0,26.76986143,408,0
61.11679501,6.661022757,1,0,7.31,409,0
60.68791657,9.054113058,1,0,22.18619907,410,0
68.36649351,9.652787476,2,0,4.710986316,411,57
68.51609582,9.627269032,2,0,2.59,412,57
69.87801542,5.341596866,1,0,13.973804,413,0
71.09286863,0.83492836,1,0,13.91014203,414,0
73.47826153,3.67306577,1,0,20.18084678,415,0
71.37005083,-1.841003366,1,0,12.19126864,416,0
77.95397543,0.487152117,1,0,23.7777485,417,0
77.76586343,3.007585164,1,0,15.02422663,418,0
70.52641215,5.450352734,2,0,3.119436885,419,58
70.33965363,5.482751345,2,0,1.61,420,58
70.4092017,5.588939587,2,0,1.9,421,58
70.35144694,5.814729991,1,0,21.32676237,422,0
74.28673559,7.862712475,1,0,17.02957891,423,0
76.29927055,11.33895129,2,0,12.25493062,425,59
76.43705143,11.78515235,2,0,7.416620348,426,59
76.53608144,11.47296957,2,0,1.6,427,59
74.83573739,12.26522492,2,0,2.59,428,60
71.45795566,11.39812921,1,0,15.6608464,429,0
74.30874966,17.05886509,1,0,19.73521294,431,0
80.09366675,12.85621979,1,0,11.65014183,432,0
78.30769033,16.72743498,1,0,25.91042474,433,0
74.55172368,18.41823684,2,0,5.283944111,434,61
74.70785919,18.3893064,2,0,5.029296202,435,61
74.62978817,18.28403051,2,0,1.38,436,61
74.68750831,18.25150688,2,0,1.28,437,61
74.77650853,18.44245025,2,0,0.97,438,61
74.77650853,18.44245025,2,0,0.92,439,61
69.89200171,18.83934027,2,0,6.302535746,440,62
70.45039488,19.20899259,1,0,31.28986181,441,0
68.63994171,10.55780055,1,0,14.35577587,442,0
64.5739028,11.21287642,2,0,4.520000384,443,63
63.97108876,11.40297159,1,0,22.28169203,444,0
61.62399218,12.11945581,1,0,20.37183272,445,0
62.37511071,13.57175914,2,0,2.2,446,64
62.25738677,13.62690506,2,0,3.405915782,447,64
62.36710258,15.92068214,1,0,19.63971998,448,0
67.91867609,16.64151269,1,0,31.3216928,449,0
67.00941468,18.08460262,2,0,9.67662054,450,65
66.95602072,18.36326432,2,0,9.358310654,451,65
66.86633729,18.42616509,2,0,3.469577759,452,65
67.06337525,18.52857755,2,0,3.246760839,453,65
64.64771668,19.73576722,1,0,20.11718481,454,0
64.83810647,22.94716687,1,0,28.29774888,455,0
61.64036047,24.71525526,1,0,21.93155116,456,0
64.70410362,24.53505887,2,0,1.65,457,66
69.70746894,23.79689388,1,0,18.23915648,458,0
63.37490566,26.175,2,0,0.98,459,67
63.37490566,26.175,2,0,0.82,459,67
63.37490566,26.175,2,0,0.65,459,67
65.12256502,27.35176888,1,0,13.59183214,460,0
61.02933599,27.66331705,2,0,13.94197301,461,68
61.47266156,27.82640869,2,0,9.230986699,462,68
61.55963182,27.76995853,2,0,7.60760628,463,68
61.25990052,27.98218904,2,0,3.405915782,464,68
61.33360575,28.11042047,2,0,2.8,465,68
63.2499069,28.89462986,1,0,16.04281826,466,0
78.3886212,20.45143286,1,0,23.17295971,467,0
77.66972415,22.8728525,1,0,36.73296087,468,0
71.06345975,26.21662144,2,0,2.84,470,69
70.97710461,26.3277709,2,0,3.756056657,471,69
71.04104503,26.34538302,2,0,5.411268065,472,69
71.07300416,26.49036155,2,0,2.928450953,473,69
71.13635501,26.37388675,2,0,1.92,474,69
71.98534618,27.15407299,1,0,20.1490158,475,0
70.83865943,28.27284906,1,0,21.32676237,476,0
69.53653332,29.17072403,2,0,1.49,477,70
69.75883133,29.45060244,2,0,1.22,478,70
73.52820816,26.68679201,2,0,0.98,480,71
73.53720108,26.77009156,2,0,1.48,481,71
78.1740831,26.53030758,1,0,21.00845249,483,0
76.98300866,27.77143766,1,0,26.67436846,484,0
76.35069366,29.13006318,1,0,21.42225534,485,0
77.18448323,30.89487469,1,0,14.32394488,486,0
79.65264887,33.41818224,1,0,26.10141067,487,0
80.04135208,35.02833456,1,0,9.517465597,488,0
76.34695215,35.0485937,1,0,20.94479051,489,0
74.97647877,35.88886738,1,0,6.238873769,490,0
73.8540187,35.73538489,1,0,15.21521256,491,0
77.42007709,37.76466715,1,0,9.230986699,492,0
70.2196246,38.38712496,1,0,19.19408614,493,0
67.76189002,30.43504451,1,0,22.75915686,494,0
65.46931234,30.51620665,2,0,1.16,495,72
62.83598611,32.38315023,2,0,4.997465213,497,73
62.73805981,32.37356792,2,0,6.143380803,498,73
62.50257071,32.29219417,2,0,1.76,499,73
63.6315446,32.08153208,1,0,13.91014203,500,0
65.9281761,32.72584852,1,0,17.57070572,501,0
69.47743055,33.58208336,1,0,21.07211447,502,0
66.86120879,36.2680212,2,0,3.21492985,503,74
67.11169432,36.22232194,2,0,2.0,504,74
69.58956849,37.11817715,1,0,23.10929774,507,0
68.73916023,38.74962188,1,0,16.774931,508,0
67.9063667,39.2151614,2,0,2.58,509,75
67.73705184,39.14414926,2,0,3.087605896,510,75
67.84907909,39.24303193,2,0,1.13,511,75
63.55330748,36.84106392,2,0,2.5,512,76
63.41614381,36.98661847,2,0,4.424507418,513,76
63.15066847,37.09269043,2,0,8.116902098,514,76
64.47943154,39.22419774,2,0,4.169859509,515,77
60.59653235,40.15482132,1,0,19.98986085,516,0
60.44240226,41.84486072,1,0,22.31352302,517,0
64.28107037,43.21566661,2,0,7.734930234,518,78
64.45445205,42.87661827,2,0,3.183098862,519,78
65.02295605,42.57057809,1,0,16.58394507,520,0
64.85158857,43.13719756,2,0,13.62366313,521,78
66.32444656,41.80084348,1,0,21.10394545,522,0
67.95959361,41.93686901,1,0,15.91549431,523,0
62.97837214,45.19619499,1,0,12.06394469,524,0
61.94481401,46.08583472,1,0,16.2338042,525,0
61.10060927,47.54165741,1,0,20.65831161,526,0
67.45406449,49.08089915,1,0,22.21803006,527,0
72.09302751,49.26664568,1,0,5.888732894,528,0
74.67322132,48.33377764,1,0,23.10929774,529,0
82.2771816,6.181643517,2,0,3.69239468,530,79
82.398578,6.342940154,2,0,8.148733086,531,79
82.92898059,8.091046038,1,0,28.07493196,532,0
83.63959516,6.360067805,1,0,24.82817112,533,0
83.8089203,5.485216772,1,0,24.92366409,534,0
84.70086254,5.200083036,2,0,5.379437077,535,80
84.69580901,5.021426707,2,0,9.549296586,536,80
84.7677858,4.890266895,2,0,2.52,537,80
89.53809658,4.436852978,1,0,29.66648139,538,0
88.61130777,9.007369109,1,0,30.30310116,539,0
91.85943587,1.694194958,1,0,9.517465597,540,0
91.22143586,2.53265348,1,0,21.00845249,541,0
92.45475231,-0.896310466,1,0,23.39577663,542,0
97.56394211,3.325382171,1,0,18.52563538,544,0
97.3544605,4.010256076,1,0,9.230986699,545,0
95.04849198,4.554119361,2,0,3.278591828,546,81
94.79070922,4.61880352,2,0,1.48,548,81
94.80229873,4.486279399,2,0,0.93,549,81
90.28277833,5.27271456,1,0,17.3478888,550,0
91.70171221,8.747952384,1,0,16.07464925,551,0
98.22775695,9.120955211,1,0,11.52281788,552,0
98.67089141,9.954675612,1,0,18.20732549,553,0
97.42415448,12.39218624,1,0,29.38000249,554,0
91.84586406,12.59664361,1,0,24.3188753,556,0
92.64671591,14.82786361,2,0,1.73,557,82
92.55862002,15.18793562,2,0,2.07,558,82
92.64495124,14.96211027,2,0,1.52,559,82
93.71859531,15.24041505,1,0,18.93943823,560,0
91.59765102,16.18069231,1,0,20.21267777,561,0
95.6014386,17.18276988,2,0,5.602253997,562,83
95.58285597,17.39667151,2,0,5.793239929,563,83
97.58171639,16.38370679,1,0,27.43831219,564,0
99.86715638,14.21097374,2,0,9.485634608,565,84
99.86214034,14.44296951,2,0,5.124789168,566,84
99.96654436,14.22259631,2,0,2.514648101,567,84
99.70532186,14.53133218,2,0,2.99211293,568,84
99.71403399,14.52642315,2,0,4.201690498,569,84
91.53184234,19.84169949,1,0,27.02450934,572,0
90.74999543,19.99738201,2,0,5.634084985,573,85
83.93993405,11.65903479,1,0,8.912676813,574,0
81.25451632,11.92989993,1,0,22.91831181,575,0
81.41867433,14.90478168,1,0,28.01126998,576,0
80.533973,15.86439449,1,0,19.83070591,577,0
83.02635646,17.37877972,1,0,15.69267739,578,0
80.19,20.0,2,0,2.44,580,86
80.51481274,20.5303043,2,0,3.787887646,581,86
80.56663363,20.56044523,2,0,1.17,582,86
80.56662864,20.70929876,2,0,1.68,583,86
80.25721585,20.85238316,2,0,2.14,584,86
80.24338945,20.51132229,2,0,5.825070917,585,86
80.11953539,20.62162614,2,0,5.092958179,586,86
80.32362871,20.6766378,2,0,5.315775099,587,86
80.1790351,20.87649777,2,0,2.864788976,588,86
79.93396239,20.82757894,2,0,1.77,589,86
79.73633434,20.7357087,2,0,1.66,590,86
79.77162816,20.80499032,2,0,2.13,591,86
85.00413067,28.31452282,1,0,14.92873366,592,0
85.68100781,28.15715677,1,0,14.29211389,594,0
84.7123931,29.98655162,2,0,3.278591828,595,87
81.52727027,28.38446486,1,0,24.15972036,596,0
80.27205126,29.83035672,1,0,12.70056446,597,0
82.57926802,30.63736983,2,0,7.352958371,598,88
84.31111181,33.33741171,2,0,7.703099246,600,89
84.22696695,33.21395056,2,0,2.45,601,89
84.39664427,33.39525306,2,0,0.9,602,89
85.80154232,33.7325363,1,0,22.85464983,603,0
86.32851042,32.80400579,1,0,17.12507188,604,0
87.66920763,32.57583027,1,0,16.36112815,605,0
88.45195936,31.75853606,2,0,7.384789359,606,90
88.32045732,31.801082,2,0,1.85,607,90
88.3800251,31.52672032,2,0,0.7,608,90
89.93156595,33.06982084,1,0,27.34281922,609,0
90.05225505,34.9699088,1,0,12.25493062,610,0
82.43576582,36.00226113,1,0,28.32957987,611,0
79.93534086,35.43915595,2,0,4.901972247,612,91
79.87601924,35.41228774,2,0,1.05,613,91
79.76416585,37.65774049,1,0,15.85183233,614,0
86.62078584,40.41217802,1,0,25.56028386,615,0
89.62737764,39.40642297,1,0,22.6636639,616,0
90.55720333,22.62143557,2,0,5.793239929,617,92
92.61174289,23.49118878,1,0,27.94760801,618,0
91.67199248,24.6696939,1,0,31.99014356,619,0
90.2890602,27.52444976,1,0,13.94197301,620,0
93.72982659,27.92628498,1,0,20.72197359,621,0
98.70103366,20.39511163,1,0,14.64225476,622,0
96.00066041,28.50647839,1,0,22.0907061,623,0
95.20667795,30.48878471,1,0,17.57070572,624,0
97.04467916,31.58646174,1,0,23.96873443,625,0
92.8000704,34.01298347,1,0,20.84929755,626,0
93.03294613,38.72597495,1,0,16.52028309,627,0
95.80065462,38.97308636,1,0,9.549296586,628,0
96.336418,38.93599047,1,0,13.49633917,629,0
96.3919738,39.69080163,1,0,22.24986104,630,0
93.26882093,40.92050058,1,0,18.14366351,631,0
99.53386061,43.14922618,1,0,24.57352321,633,0
94.39006268,49.10683165,1,0,25.08281903,634,0
85.52498148,40.22571183,2,0,6.589014644,635,93
81.29212534,40.0530749,1,0,14.8332407,636,0
80.82786934,40.5350954,1,0,25.40112892,637,0
80.93955705,43.09779212,1,0,21.16760743,638,0
82.78755641,43.61896894,2,0,2.291831181,639,94
82.84745481,46.05158293,1,0,11.14084602,640,0
86.6706479,45.79940307,1,0,19.63971998,641,0
88.32428957,45.26793971,1,0,26.83352341,642,0
88.7518532,49.13251538,1,0,14.2602829,643,0
37.13282784,21.67303404,1,0,19.51239602,644,0
37.62354536,24.05044353,1,0,17.95267758,645,0
39.27848538,29.67677607,2,0,2.960281942,646,95
